id,distance,order,condition,time,rt
1,1,in,numbers,1,927.136357
2,1,in,numbers,1,1113.74913
3,1,in,numbers,1,1100.96784
4,1,in,numbers,1,1227.390036
5,1,in,numbers,1,1042.632432
6,1,in,numbers,1,683.92585
7,1,in,numbers,1,1325.972682
8,1,in,numbers,1,1000.762443
9,1,in,numbers,1,925.9950335
10,1,in,numbers,1,1250.35658
11,1,in,numbers,1,792.3542815
12,1,in,numbers,1,967.503334
13,1,in,numbers,1,1117.5754
14,1,in,numbers,1,758.949485
15,1,in,numbers,1,809.0048055
16,1,in,numbers,1,733.94069
17,1,in,numbers,1,1092.55313
18,1,in,numbers,1,1090.940088
19,1,in,numbers,1,1289.653174
20,1,in,numbers,1,961.399199
21,1,in,numbers,1,1100.92049
22,1,in,numbers,1,1142.68173
23,1,in,numbers,1,790.841714
24,1,in,numbers,1,1005.829628
25,1,in,numbers,1,1084.21328
26,1,in,numbers,1,1009.02543
27,1,in,numbers,1,708.97951
28,1,in,numbers,1,901.7293765
29,1,in,numbers,1,792.384415
30,1,in,numbers,1,1384.427124
31,1,in,numbers,1,1118.857894
32,1,in,numbers,1,725.617914
1,1,mixed,numbers,1,1096.24155
2,1,mixed,numbers,1,1647.41495
3,1,mixed,numbers,1,1434.45026
4,1,mixed,numbers,1,1359.780515
5,1,mixed,numbers,1,1151.106941
6,1,mixed,numbers,1,800.67775
7,1,mixed,numbers,1,1434.265631
8,1,mixed,numbers,1,1167.489529
9,1,mixed,numbers,1,975.739167
10,1,mixed,numbers,1,1753.49127
11,1,mixed,numbers,1,917.358461
12,1,mixed,numbers,1,1350.987037
13,1,mixed,numbers,1,1092.55104
14,1,mixed,numbers,1,1017.51278
15,1,mixed,numbers,1,867.094554
16,1,mixed,numbers,1,850.70668
17,1,mixed,numbers,1,1284.26847
18,1,mixed,numbers,1,1550.656677
19,1,mixed,numbers,1,1677.813889
20,1,mixed,numbers,1,1169.022481
21,1,mixed,numbers,1,1309.604393
22,1,mixed,numbers,1,1826.30813
23,1,mixed,numbers,1,956.9778675
24,1,mixed,numbers,1,1097.662166
25,1,mixed,numbers,1,1476.15946
26,1,mixed,numbers,1,1350.884401
27,1,mixed,numbers,1,783.99021
28,1,mixed,numbers,1,832.091926
29,1,mixed,numbers,1,1100.883248
30,1,mixed,numbers,1,1559.393836
31,1,mixed,numbers,1,1339.319301
32,1,mixed,numbers,1,825.6622105
1,2,in,numbers,1,977.413133
2,2,in,numbers,1,1256.73594
3,2,in,numbers,1,1050.90106
4,2,in,numbers,1,986.2096
5,2,in,numbers,1,1184.268497
6,2,in,numbers,1,633.90757
7,2,in,numbers,1,1309.29402
8,2,in,numbers,1,976.0366965
9,2,in,numbers,1,900.6458145
10,2,in,numbers,1,1259.10158
11,2,in,numbers,1,817.25871
12,2,in,numbers,1,1017.457051
13,2,in,numbers,1,1117.55372
14,2,in,numbers,1,909.0491195
15,2,in,numbers,1,959.0978675
16,2,in,numbers,1,667.19362
17,2,in,numbers,1,1017.51389
18,2,in,numbers,1,1285.271879
19,2,in,numbers,1,1257.142015
20,2,in,numbers,1,1050.566047
21,2,in,numbers,1,1150.972698
22,2,in,numbers,1,1484.46919
23,2,in,numbers,1,820.3072825
24,2,in,numbers,1,1038.986202
25,2,in,numbers,1,1050.85073
26,2,in,numbers,1,1267.904201
27,2,in,numbers,1,667.17755
28,2,in,numbers,1,868.119429
29,2,in,numbers,1,934.089949
30,2,in,numbers,1,1717.998547
31,2,in,numbers,1,1242.168135
32,2,in,numbers,1,734.0113165
1,2,mixed,numbers,1,989.174459
2,2,mixed,numbers,1,1333.75496
3,2,mixed,numbers,1,1050.89345
4,2,mixed,numbers,1,1288.139068
5,2,mixed,numbers,1,1376.082244
6,2,mixed,numbers,1,817.24115
7,2,mixed,numbers,1,1259.312328
8,2,mixed,numbers,1,1050.905363
9,2,mixed,numbers,1,975.7729365
10,2,mixed,numbers,1,1736.03296
11,2,mixed,numbers,1,850.751872
12,2,mixed,numbers,1,1050.991772
13,2,mixed,numbers,1,1059.23175
14,2,mixed,numbers,1,959.046852
15,2,mixed,numbers,1,800.762504
16,2,mixed,numbers,1,717.26666
17,2,mixed,numbers,1,1175.89999
18,2,mixed,numbers,1,1423.556881
19,2,mixed,numbers,1,1789.051975
20,2,mixed,numbers,1,1148.24779
21,2,mixed,numbers,1,1517.909889
22,2,mixed,numbers,1,1501.38533
23,2,mixed,numbers,1,855.673092
24,2,mixed,numbers,1,1097.756316
25,2,mixed,numbers,1,1426.14451
26,2,mixed,numbers,1,1259.277204
27,2,mixed,numbers,1,692.23949
28,2,mixed,numbers,1,776.39754
29,2,mixed,numbers,1,1050.948733
30,2,mixed,numbers,1,1634.618148
31,2,mixed,numbers,1,1318.65437
32,2,mixed,numbers,1,809.0308415
1,3,in,numbers,1,898.978336
2,3,in,numbers,1,1132.95362
3,3,in,numbers,1,909.08035
4,3,in,numbers,1,982.802146
5,3,in,numbers,1,1334.373643
6,3,in,numbers,1,633.91072
7,3,in,numbers,1,1142.606552
8,3,in,numbers,1,1025.809321
9,3,in,numbers,1,859.112499
10,3,in,numbers,1,1361.78363
11,3,in,numbers,1,809.02571
12,3,in,numbers,1,1067.542532
13,3,in,numbers,1,1125.98605
14,3,in,numbers,1,909.130396
15,3,in,numbers,1,967.3883395
16,3,in,numbers,1,717.27395
17,3,in,numbers,1,1067.48465
18,3,in,numbers,1,1388.244086
19,3,in,numbers,1,1456.704216
20,3,in,numbers,1,916.398807
21,3,in,numbers,1,1184.377696
22,3,in,numbers,1,1434.41185
23,3,in,numbers,1,726.6414515
24,3,in,numbers,1,983.9799065
25,3,in,numbers,1,984.12992
26,3,in,numbers,1,1125.792564
27,3,in,numbers,1,667.20354
28,3,in,numbers,1,850.194328
29,3,in,numbers,1,859.1467925
30,3,in,numbers,1,1392.642306
31,3,in,numbers,1,1263.025978
32,3,in,numbers,1,700.668625
1,3,mixed,numbers,1,854.248957
2,3,mixed,numbers,1,1261.56115
3,3,mixed,numbers,1,1017.49237
4,3,mixed,numbers,1,889.387309
5,3,mixed,numbers,1,1200.76833
6,3,mixed,numbers,1,733.94694
7,3,mixed,numbers,1,1209.308289
8,3,mixed,numbers,1,917.4544355
9,3,mixed,numbers,1,850.652883
10,3,mixed,numbers,1,1459.09779
11,3,mixed,numbers,1,817.248944
12,3,mixed,numbers,1,1167.615499
13,3,mixed,numbers,1,967.47312
14,3,mixed,numbers,1,800.551359
15,3,mixed,numbers,1,783.85745
16,3,mixed,numbers,1,608.87981
17,3,mixed,numbers,1,1000.9591
18,3,mixed,numbers,1,1372.353999
19,3,mixed,numbers,1,1463.892646
20,3,mixed,numbers,1,977.4278715
21,3,mixed,numbers,1,1276.046774
22,3,mixed,numbers,1,1417.68822
23,3,mixed,numbers,1,851.002086
24,3,mixed,numbers,1,1048.639482
25,3,mixed,numbers,1,1067.51968
26,3,mixed,numbers,1,1075.979879
27,3,mixed,numbers,1,750.59161
28,3,mixed,numbers,1,758.188889
29,3,mixed,numbers,1,1075.866993
30,3,mixed,numbers,1,1367.779416
31,3,mixed,numbers,1,1184.456994
32,3,mixed,numbers,1,784.007228
1,1,in,dots,1,1093.48303
2,1,in,dots,1,1241.1466
3,1,in,dots,1,1084.1931
4,1,in,dots,1,872.3819355
5,1,in,dots,1,784.022319
6,1,in,dots,1,1117.5976
7,1,in,dots,1,1484.47973
8,1,in,dots,1,1417.705879
9,1,in,dots,1,1034.205621
10,1,in,dots,1,1396.3307
11,1,in,dots,1,1251.012489
12,1,in,dots,1,984.103589
13,1,in,dots,1,917.4115
14,1,in,dots,1,1151.130081
15,1,in,dots,1,1109.309946
16,1,in,dots,1,967.4617
17,1,in,dots,1,1134.2211
18,1,in,dots,1,1271.056482
19,1,in,dots,1,1410.699406
20,1,in,dots,1,829.782161
21,1,in,dots,1,1301.036958
22,1,in,dots,1,533.821
23,1,in,dots,1,1078.026079
24,1,in,dots,1,1276.49653
25,1,in,dots,1,1200.9553
26,1,in,dots,1,1526.225959
27,1,in,dots,1,834.0141
28,1,in,dots,1,1119.554563
29,1,in,dots,1,967.417257
30,1,in,dots,1,1367.702775
31,1,in,dots,1,1255.076865
32,1,in,dots,1,1317.677015
1,1,mixed,dots,1,1192.152913
2,1,mixed,dots,1,1125.6314
3,1,mixed,dots,1,1209.305
4,1,mixed,dots,1,1420.240937
5,1,mixed,dots,1,934.098662
6,1,mixed,dots,1,1309.4363
7,1,mixed,dots,1,1734.644103
8,1,mixed,dots,1,1317.588881
9,1,mixed,dots,1,1151.041358
10,1,mixed,dots,1,1388.73
11,1,mixed,dots,1,1234.301829
12,1,mixed,dots,1,1117.613777
13,1,mixed,dots,1,834.0317
14,1,mixed,dots,1,1225.936812
15,1,mixed,dots,1,1267.632399
16,1,mixed,dots,1,984.1571
17,1,mixed,dots,1,1234.3381
18,1,mixed,dots,1,1179.918855
19,1,mixed,dots,1,1664.580692
20,1,mixed,dots,1,887.623968
21,1,mixed,dots,1,1234.393819
22,1,mixed,dots,1,617.2644
23,1,mixed,dots,1,1138.347959
24,1,mixed,dots,1,1431.556148
25,1,mixed,dots,1,1117.5652
26,1,mixed,dots,1,1367.696095
27,1,mixed,dots,1,1000.8833
28,1,mixed,dots,1,1081.380078
29,1,mixed,dots,1,1083.908062
30,1,mixed,dots,1,1284.33297
31,1,mixed,dots,1,1295.161195
32,1,mixed,dots,1,1584.642349
1,2,in,dots,1,1046.945654
2,2,in,dots,1,1042.3054
3,2,in,dots,1,867.4746
4,2,in,dots,1,1169.357287
5,2,in,dots,1,783.925649
6,2,in,dots,1,1034.1796
7,2,in,dots,1,1717.996892
8,2,in,dots,1,1100.823491
9,2,in,dots,1,1034.20231
10,2,in,dots,1,1307.7664
11,2,in,dots,1,1184.179118
12,2,in,dots,1,1084.137821
13,2,in,dots,1,817.4031
14,2,in,dots,1,1167.658268
15,2,in,dots,1,1059.221321
16,2,in,dots,1,1009.1469
17,2,in,dots,1,1017.4425
18,2,in,dots,1,1061.233864
19,2,in,dots,1,1245.07228
20,2,in,dots,1,757.269602
21,2,in,dots,1,1150.762473
22,2,in,dots,1,483.8989
23,2,in,dots,1,981.601728
24,2,in,dots,1,1367.01734
25,2,in,dots,1,1259.3345
26,2,in,dots,1,1142.649945
27,2,in,dots,1,767.3268
28,2,in,dots,1,969.5025165
29,2,in,dots,1,1000.823855
30,2,in,dots,1,1676.282359
31,2,in,dots,1,1327.91565
32,2,in,dots,1,1175.964989
1,2,mixed,dots,1,1101.247142
2,2,mixed,dots,1,1214.681
3,2,mixed,dots,1,1025.8948
4,2,mixed,dots,1,1252.36322
5,2,mixed,dots,1,825.743997
6,2,mixed,dots,1,1184.3781
7,2,mixed,dots,1,1851.381827
8,2,mixed,dots,1,1217.693365
9,2,mixed,dots,1,1167.852166
10,2,mixed,dots,1,1182.4543
11,2,mixed,dots,1,1184.233083
12,2,mixed,dots,1,1050.869774
13,2,mixed,dots,1,867.3959
14,2,mixed,dots,1,1167.619367
15,2,mixed,dots,1,1125.8942
16,2,mixed,dots,1,850.7176
17,2,mixed,dots,1,1084.1787
18,2,mixed,dots,1,1174.94164
19,2,mixed,dots,1,1403.264821
20,2,mixed,dots,1,865.061299
21,2,mixed,dots,1,1134.436063
22,2,mixed,dots,1,642.2207
23,2,mixed,dots,1,1142.571046
24,2,mixed,dots,1,1451.093245
25,2,mixed,dots,1,1592.8753
26,2,mixed,dots,1,1150.866093
27,2,mixed,dots,1,1017.4314
28,2,mixed,dots,1,1049.721992
29,2,mixed,dots,1,950.7759495
30,2,mixed,dots,1,1517.849966
31,2,mixed,dots,1,1025.840777
32,2,mixed,dots,1,1392.867039
1,3,in,dots,1,1007.129916
2,3,in,dots,1,1065.1173
3,3,in,dots,1,792.2601
4,3,in,dots,1,874.79927
5,3,in,dots,1,734.143422
6,3,in,dots,1,959.0752
7,3,in,dots,1,1301.05616
8,3,in,dots,1,1075.921453
9,3,in,dots,1,1050.781867
10,3,in,dots,1,1638.4632
11,3,in,dots,1,1184.246987
12,3,in,dots,1,1117.653671
13,3,in,dots,1,934.1091
14,3,in,dots,1,875.7242505
15,3,in,dots,1,1042.439091
16,3,in,dots,1,850.7141
17,3,in,dots,1,900.6954
18,3,in,dots,1,1101.724713
19,3,in,dots,1,1309.385611
20,3,in,dots,1,718.780549
21,3,in,dots,1,1084.287845
22,3,in,dots,1,500.4532
23,3,in,dots,1,952.7305385
24,3,in,dots,1,1279.570938
25,3,in,dots,1,1317.7124
26,3,in,dots,1,1217.643257
27,3,in,dots,1,767.302
28,3,in,dots,1,777.2173965
29,3,in,dots,1,884.073661
30,3,in,dots,1,1342.622376
31,3,in,dots,1,1186.832313
32,3,in,dots,1,967.3916175
1,3,mixed,dots,1,1034.391089
2,3,mixed,dots,1,1032.0785
3,3,mixed,dots,1,1017.4346
4,3,mixed,dots,1,1081.392617
5,3,mixed,dots,1,800.8085215
6,3,mixed,dots,1,959.2904
7,3,mixed,dots,1,1567.910451
8,3,mixed,dots,1,1067.51853
9,3,mixed,dots,1,975.7888275
10,3,mixed,dots,1,1450.1966
11,3,mixed,dots,1,1167.613466
12,3,mixed,dots,1,1075.984687
13,3,mixed,dots,1,884.2006
14,3,mixed,dots,1,1117.664508
15,3,mixed,dots,1,1142.556751
16,3,mixed,dots,1,800.6371
17,3,mixed,dots,1,1067.5679
18,3,mixed,dots,1,1104.665374
19,3,mixed,dots,1,1350.940933
20,3,mixed,dots,1,813.900653
21,3,mixed,dots,1,1159.323617
22,3,mixed,dots,1,617.1465
23,3,mixed,dots,1,1122.798574
24,3,mixed,dots,1,1079.817137
25,3,mixed,dots,1,1209.2931
26,3,mixed,dots,1,1200.995108
27,3,mixed,dots,1,1000.8531
28,3,mixed,dots,1,811.523354
29,3,mixed,dots,1,925.7661505
30,3,mixed,dots,1,1234.322971
31,3,mixed,dots,1,1163.12048
32,3,mixed,dots,1,1267.627636
1,1,in,letters,1,1507.341535
2,1,in,letters,1,1802.161765
3,1,in,letters,1,1100.971149
4,1,in,letters,1,1150.253546
5,1,in,letters,1,1292.670669
6,1,in,letters,1,959.055988
7,1,in,letters,1,1834.948814
8,1,in,letters,1,1201.098738
9,1,in,letters,1,1125.878
10,1,in,letters,1,1526.374003
11,1,in,letters,1,1100.898949
12,1,in,letters,1,1476.173261
13,1,in,letters,1,1417.71988
14,1,in,letters,1,1509.517182
15,1,in,letters,1,1767.988457
16,1,in,letters,1,1267.686176
17,1,in,letters,1,1184.362364
18,1,in,letters,1,1768.807871
19,1,in,letters,1,1584.390913
20,1,in,letters,1,1164.878102
21,1,in,letters,1,1217.836657
22,1,in,letters,1,1267.661863
23,1,in,letters,1,1892.074336
24,1,in,letters,1,1338.253941
25,1,in,letters,1,1484.449568
26,1,in,letters,1,1359.234299
27,1,in,letters,1,1484.590688
28,1,in,letters,1,996.55295
29,1,in,letters,1,1534.51881
30,1,in,letters,1,1751.400234
31,1,in,letters,1,1580.363122
32,1,in,letters,1,1584.539718
1,1,mixed,letters,1,1582.376797
2,1,mixed,letters,1,1824.526454
3,1,mixed,letters,1,1701.288608
4,1,mixed,letters,1,1909.599297
5,1,mixed,letters,1,1584.827199
6,1,mixed,letters,1,1401.169015
7,1,mixed,letters,1,2001.635787
8,1,mixed,letters,1,1601.160515
9,1,mixed,letters,1,1167.601
10,1,mixed,letters,1,1876.347474
11,1,mixed,letters,1,1367.723579
12,1,mixed,letters,1,1309.376155
13,1,mixed,letters,1,1384.440479
14,1,mixed,letters,1,1634.515982
15,1,mixed,letters,1,1859.759033
16,1,mixed,letters,1,1501.192669
17,1,mixed,letters,1,1459.439287
18,1,mixed,letters,1,1836.912077
19,1,mixed,letters,1,2285.178609
20,1,mixed,letters,1,1707.110515
21,1,mixed,letters,1,1651.294161
22,1,mixed,letters,1,1509.5452
23,1,mixed,letters,1,1910.405736
24,1,mixed,letters,1,1646.4743
25,1,mixed,letters,1,1601.27736
26,1,mixed,letters,1,2009.737216
27,1,mixed,letters,1,1434.458527
28,1,mixed,letters,1,1274.469216
29,1,mixed,letters,1,1709.65511
30,1,mixed,letters,1,2034.855719
31,1,mixed,letters,1,1657.019619
32,1,mixed,letters,1,1893.128418
1,2,in,letters,1,1620.603857
2,2,in,letters,1,1952.254507
3,2,in,letters,1,1634.544218
4,2,in,letters,1,1815.592281
5,2,in,letters,1,1676.319848
6,2,in,letters,1,1200.893638
7,2,in,letters,1,2068.476239
8,2,in,letters,1,1417.760174
9,2,in,letters,1,1417.7915
10,2,in,letters,1,1874.895621
11,2,in,letters,1,1167.610983
12,2,in,letters,1,1267.673567
13,2,in,letters,1,1467.808988
14,2,in,letters,1,1592.940925
15,2,in,letters,1,1884.784227
16,2,in,letters,1,1267.690149
17,2,in,letters,1,1517.821943
18,2,in,letters,1,2013.559863
19,2,in,letters,1,2183.922008
20,2,in,letters,1,1673.520584
21,2,in,letters,1,1518.155538
22,2,in,letters,1,1684.619755
23,2,in,letters,1,1893.631338
24,2,in,letters,1,1559.789931
25,2,in,letters,1,1617.956734
26,2,in,letters,1,1826.387418
27,2,in,letters,1,1334.383575
28,2,in,letters,1,1383.190978
29,2,in,letters,1,1818.107329
30,2,in,letters,1,2268.417575
31,2,in,letters,1,1677.089942
32,2,in,letters,1,1868.163072
1,2,mixed,letters,1,1567.764561
2,2,mixed,letters,1,1961.424936
3,2,mixed,letters,1,1768.03664
4,2,mixed,letters,1,1805.153681
5,2,mixed,letters,1,1501.205896
6,2,mixed,letters,1,1376.038544
7,2,mixed,letters,1,2084.982914
8,2,mixed,letters,1,1484.424722
9,2,mixed,letters,1,1209.341
10,2,mixed,letters,1,2034.927835
11,2,mixed,letters,1,1451.179877
12,2,mixed,letters,1,1459.542548
13,2,mixed,letters,1,1517.847441
14,2,mixed,letters,1,1534.436095
15,2,mixed,letters,1,1709.74195
16,2,mixed,letters,1,1426.142107
17,2,mixed,letters,1,1434.493797
18,2,mixed,letters,1,1566.249795
19,2,mixed,letters,1,2130.003282
20,2,mixed,letters,1,1326.882635
21,2,mixed,letters,1,1618.059993
22,2,mixed,letters,1,1859.761682
23,2,mixed,letters,1,1924.672607
24,2,mixed,letters,1,1442.538533
25,2,mixed,letters,1,1484.489958
26,2,mixed,letters,1,1801.391027
27,2,mixed,letters,1,1426.177822
28,2,mixed,letters,1,1397.051331
29,2,mixed,letters,1,1667.77441
30,2,mixed,letters,1,1717.960972
31,2,mixed,letters,1,1777.986659
32,2,mixed,letters,1,1901.603926
1,3,in,letters,1,1357.561381
2,3,in,letters,1,1816.330527
3,3,in,letters,1,1367.885475
4,3,in,letters,1,1720.673458
5,3,in,letters,1,1584.502095
6,3,in,letters,1,1225.962698
7,3,in,letters,1,2168.520403
8,3,in,letters,1,1359.466436
9,3,in,letters,1,1434.4585
10,3,in,letters,1,1765.46861
11,3,in,letters,1,1309.33261
12,3,in,letters,1,1467.861877
13,3,in,letters,1,1542.885705
14,3,in,letters,1,1301.080901
15,3,in,letters,1,1617.912114
16,3,in,letters,1,1217.643088
17,3,in,letters,1,1534.506841
18,3,in,letters,1,1920.917369
19,3,in,letters,1,2025.364745
20,3,in,letters,1,1449.792297
21,3,in,letters,1,1551.268868
22,3,in,letters,1,1484.481437
23,3,in,letters,1,1805.777538
24,3,in,letters,1,1541.759021
25,3,in,letters,1,1451.130382
26,3,in,letters,1,1959.850207
27,3,in,letters,1,1392.759527
28,3,in,letters,1,1252.579678
29,3,in,letters,1,1809.670637
30,3,in,letters,1,2001.329221
31,3,in,letters,1,1864.052922
32,3,in,letters,1,1918.159646
1,3,mixed,letters,1,1521.187809
2,3,mixed,letters,1,1726.194237
3,3,mixed,letters,1,1384.414275
4,3,mixed,letters,1,1659.182
5,3,mixed,letters,1,1726.316769
6,3,mixed,letters,1,1175.957168
7,3,mixed,letters,1,1684.626656
8,3,mixed,letters,1,1209.279186
9,3,mixed,letters,1,1267.684
10,3,mixed,letters,1,1709.354506
11,3,mixed,letters,1,1217.63189
12,3,mixed,letters,1,1267.470956
13,3,mixed,letters,1,1409.433551
14,3,mixed,letters,1,1651.132232
15,3,mixed,letters,1,1768.025039
16,3,mixed,letters,1,1159.271348
17,3,mixed,letters,1,1701.285794
18,3,mixed,letters,1,1595.433792
19,3,mixed,letters,1,2290.311348
20,3,mixed,letters,1,1466.440207
21,3,mixed,letters,1,1300.960813
22,3,mixed,letters,1,1301.046225
23,3,mixed,letters,1,1704.361453
24,3,mixed,letters,1,1689.203673
25,3,mixed,letters,1,1409.436168
26,3,mixed,letters,1,1634.576981
27,3,mixed,letters,1,1351.053905
28,3,mixed,letters,1,1218.431445
29,3,mixed,letters,1,1659.6226
30,3,mixed,letters,1,2026.655104
31,3,mixed,letters,1,1632.229457
32,3,mixed,letters,1,1859.829759
1,1,in,numbers,2,759.0450275
2,1,in,numbers,2,884.0303965
3,1,in,numbers,2,876.390369
4,1,in,numbers,2,1084.238909
5,1,in,numbers,2,717.310266
6,1,in,numbers,2,633.91028
7,1,in,numbers,2,1517.843398
8,1,in,numbers,2,769.144436
9,1,in,numbers,2,800.633726
10,1,in,numbers,2,1050.891293
11,1,in,numbers,2,917.360356
12,1,in,numbers,2,1084.195148
13,1,in,numbers,2,809.0008495
14,1,in,numbers,2,700.7405285
15,1,in,numbers,2,767.2766775
16,1,in,numbers,2,700.6163745
17,1,in,numbers,2,1009.160008
18,1,in,numbers,2,1074.262261
19,1,in,numbers,2,1177.032129
20,1,in,numbers,2,1042.411664
21,1,in,numbers,2,1017.718144
22,1,in,numbers,2,825.7123855
23,1,in,numbers,2,763.5668465
24,1,in,numbers,2,859.0785645
25,1,in,numbers,2,1267.692419
26,1,in,numbers,2,917.482223
27,1,in,numbers,2,775.698826
28,1,in,numbers,2,867.184386
29,1,in,numbers,2,730.4019695
30,1,in,numbers,2,1301.051201
31,1,in,numbers,2,992.515997
32,1,in,numbers,2,600.5803255
1,1,mixed,numbers,2,867.46485
2,1,mixed,numbers,2,1292.655772
3,1,mixed,numbers,2,1064.885273
4,1,mixed,numbers,2,1467.810621
5,1,mixed,numbers,2,975.7858295
6,1,mixed,numbers,2,833.999436
7,1,mixed,numbers,2,1801.402377
8,1,mixed,numbers,2,901.912398
9,1,mixed,numbers,2,850.7511555
10,1,mixed,numbers,2,1868.116665
11,1,mixed,numbers,2,984.3377035
12,1,mixed,numbers,2,1384.456423
13,1,mixed,numbers,2,959.1216725
14,1,mixed,numbers,2,800.555264
15,1,mixed,numbers,2,984.1722325
16,1,mixed,numbers,2,775.773812
17,1,mixed,numbers,2,1225.939523
18,1,mixed,numbers,2,1315.143967
19,1,mixed,numbers,2,1366.782757
20,1,mixed,numbers,2,1234.359983
21,1,mixed,numbers,2,1234.138456
22,1,mixed,numbers,2,1051.29453
23,1,mixed,numbers,2,929.356092
24,1,mixed,numbers,2,1050.984812
25,1,mixed,numbers,2,1351.12499
26,1,mixed,numbers,2,1100.894311
27,1,mixed,numbers,2,900.723904
28,1,mixed,numbers,2,850.658455
29,1,mixed,numbers,2,949.5672595
30,1,mixed,numbers,2,1334.506742
31,1,mixed,numbers,2,1234.154347
32,1,mixed,numbers,2,775.67069
1,2,in,numbers,2,867.381421
2,2,in,numbers,2,934.021524
3,2,in,numbers,2,905.600983
4,2,in,numbers,2,1009.141725
5,2,in,numbers,2,784.016307
6,2,in,numbers,2,608.8324465
7,2,in,numbers,2,1251.090434
8,2,in,numbers,2,730.7801115
9,2,in,numbers,2,717.2815775
10,2,in,numbers,2,1184.266738
11,2,in,numbers,2,884.1793225
12,2,in,numbers,2,1100.895329
13,2,in,numbers,2,884.1316955
14,2,in,numbers,2,700.6172065
15,2,in,numbers,2,909.1344745
16,2,in,numbers,2,642.314553
17,2,in,numbers,2,1000.666098
18,2,in,numbers,2,1062.286677
19,2,in,numbers,2,1096.14206
20,2,in,numbers,2,984.165729
21,2,in,numbers,2,1050.843283
22,2,in,numbers,2,917.4233155
23,2,in,numbers,2,792.6871655
24,2,in,numbers,2,917.431627
25,2,in,numbers,2,1301.068327
26,2,in,numbers,2,783.816255
27,2,in,numbers,2,750.5836655
28,2,in,numbers,2,859.0739585
29,2,in,numbers,2,736.778682
30,2,in,numbers,2,1201.033522
31,2,in,numbers,2,1084.093895
32,2,in,numbers,2,558.786557
1,2,mixed,numbers,2,842.3043395
2,2,mixed,numbers,2,1117.809153
3,2,mixed,numbers,2,943.85532
4,2,mixed,numbers,2,1242.735751
5,2,mixed,numbers,2,950.7809135
6,2,mixed,numbers,2,750.642597
7,2,mixed,numbers,2,1392.833508
8,2,mixed,numbers,2,859.659087
9,2,mixed,numbers,2,884.053082
10,2,mixed,numbers,2,1534.5155
11,2,mixed,numbers,2,950.761712
12,2,mixed,numbers,2,1134.290726
13,2,mixed,numbers,2,800.811246
14,2,mixed,numbers,2,759.121861
15,2,mixed,numbers,2,892.381377
16,2,mixed,numbers,2,667.224951
17,2,mixed,numbers,2,1034.103429
18,2,mixed,numbers,2,1149.288065
19,2,mixed,numbers,2,1299.165754
20,2,mixed,numbers,2,1067.403909
21,2,mixed,numbers,2,1276.037915
22,2,mixed,numbers,2,1000.832297
23,2,mixed,numbers,2,860.18758
24,2,mixed,numbers,2,1050.870924
25,2,mixed,numbers,2,1251.076223
26,2,mixed,numbers,2,984.066078
27,2,mixed,numbers,2,758.9565995
28,2,mixed,numbers,2,775.6831855
29,2,mixed,numbers,2,851.487137
30,2,mixed,numbers,2,1209.262829
31,2,mixed,numbers,2,1250.93459
32,2,mixed,numbers,2,692.259115
1,3,in,numbers,2,800.6225405
2,3,in,numbers,2,867.380592
3,3,in,numbers,2,833.808632
4,3,in,numbers,2,1000.78413
5,3,in,numbers,2,783.930561
6,3,in,numbers,2,583.805101
7,3,in,numbers,2,1150.909013
8,3,in,numbers,2,798.8854175
9,3,in,numbers,2,725.564517
10,3,in,numbers,2,1276.010443
11,3,in,numbers,2,867.597993
12,3,in,numbers,2,1042.496671
13,3,in,numbers,2,875.733189
14,3,in,numbers,2,717.2458225
15,3,in,numbers,2,817.178086
16,3,in,numbers,2,700.580289
17,3,in,numbers,2,1017.495008
18,3,in,numbers,2,1002.143903
19,3,in,numbers,2,1089.913148
20,3,in,numbers,2,867.404538
21,3,in,numbers,2,1017.484414
22,3,in,numbers,2,850.937377
23,3,in,numbers,2,762.4390165
24,3,in,numbers,2,775.676066
25,3,in,numbers,2,1184.28385
26,3,in,numbers,2,817.340261
27,3,in,numbers,2,733.9359575
28,3,in,numbers,2,717.4482115
29,3,in,numbers,2,798.181049
30,3,in,numbers,2,1200.853422
31,3,in,numbers,2,925.712182
32,3,in,numbers,2,592.147082
1,3,mixed,numbers,2,783.911549
2,3,mixed,numbers,2,1000.772866
3,3,mixed,numbers,2,873.9325585
4,3,mixed,numbers,2,1109.238694
5,3,mixed,numbers,2,900.745589
6,3,mixed,numbers,2,717.2878105
7,3,mixed,numbers,2,1534.510037
8,3,mixed,numbers,2,772.890876
9,3,mixed,numbers,2,759.036446
10,3,mixed,numbers,2,1284.364534
11,3,mixed,numbers,2,934.10043
12,3,mixed,numbers,2,1150.902182
13,3,mixed,numbers,2,892.4070455
14,3,mixed,numbers,2,700.635746
15,3,mixed,numbers,2,792.347642
16,3,mixed,numbers,2,600.5099705
17,3,mixed,numbers,2,950.754095
18,3,mixed,numbers,2,1033.209369
19,3,mixed,numbers,2,1238.002261
20,3,mixed,numbers,2,984.114414
21,3,mixed,numbers,2,1042.509111
22,3,mixed,numbers,2,967.462282
23,3,mixed,numbers,2,790.0617215
24,3,mixed,numbers,2,959.113923
25,3,mixed,numbers,2,1159.286474
26,3,mixed,numbers,2,867.3787145
27,3,mixed,numbers,2,750.644747
28,3,mixed,numbers,2,717.254042
29,3,mixed,numbers,2,895.19296
30,3,mixed,numbers,2,1092.526484
31,3,mixed,numbers,2,1084.244528
32,3,mixed,numbers,2,683.536685
1,1,in,dots,2,1134.235847
2,1,in,dots,2,1025.787135
3,1,in,dots,2,998.220381
4,1,in,dots,2,1000.797869
5,1,in,dots,2,683.900964
6,1,in,dots,2,1034.192712
7,1,in,dots,2,1692.932992
8,1,in,dots,2,1273.794545
9,1,in,dots,2,984.1368085
10,1,in,dots,2,950.8080635
11,1,in,dots,2,1401.291347
12,1,in,dots,2,1275.983706
13,1,in,dots,2,950.821493
14,1,in,dots,2,859.130932
15,1,in,dots,2,1100.92331
16,1,in,dots,2,975.7696075
17,1,in,dots,2,1100.955579
18,1,in,dots,2,1113.597788
19,1,in,dots,2,1352.965465
20,1,in,dots,2,792.33527
21,1,in,dots,2,1159.276244
22,1,in,dots,2,525.498617
23,1,in,dots,2,775.287083
24,1,in,dots,2,1125.927032
25,1,in,dots,2,909.1185385
26,1,in,dots,2,1167.592385
27,1,in,dots,2,834.028788
28,1,in,dots,2,1084.244093
29,1,in,dots,2,906.539408
30,1,in,dots,2,917.383811
31,1,in,dots,2,950.787201
32,1,in,dots,2,1059.266603
1,1,mixed,dots,2,992.4999845
2,1,mixed,dots,2,1250.983256
3,1,mixed,dots,2,978.175576
4,1,mixed,dots,2,1242.625671
5,1,mixed,dots,2,858.957891
6,1,mixed,dots,2,1100.824815
7,1,mixed,dots,2,1918.124469
8,1,mixed,dots,2,1271.597187
9,1,mixed,dots,2,984.1234
10,1,mixed,dots,2,1034.154143
11,1,mixed,dots,2,1326.286862
12,1,mixed,dots,2,1184.237656
13,1,mixed,dots,2,733.965848
14,1,mixed,dots,2,1150.728709
15,1,mixed,dots,2,1417.829591
16,1,mixed,dots,2,984.1559495
17,1,mixed,dots,2,1284.329876
18,1,mixed,dots,2,1226.45535
19,1,mixed,dots,2,1242.027868
20,1,mixed,dots,2,950.771998
21,1,mixed,dots,2,1217.658486
22,1,mixed,dots,2,600.427868
23,1,mixed,dots,2,1030.872228
24,1,mixed,dots,2,1051.033148
25,1,mixed,dots,2,1059.190364
26,1,mixed,dots,2,1250.977227
27,1,mixed,dots,2,984.0966895
28,1,mixed,dots,2,1000.776844
29,1,mixed,dots,2,1008.507416
30,1,mixed,dots,2,950.754599
31,1,mixed,dots,2,992.571781
32,1,mixed,dots,2,1134.147601
1,2,in,dots,2,942.447957
2,2,in,dots,2,928.4676165
3,2,in,dots,2,856.368661
4,2,in,dots,2,1000.827996
5,2,in,dots,2,642.2319525
6,2,in,dots,2,967.678964
7,2,in,dots,2,1451.159957
8,2,in,dots,2,1111.21455
9,2,in,dots,2,884.070628
10,2,in,dots,2,1034.183111
11,2,in,dots,2,1200.959688
12,2,in,dots,2,1267.674337
13,2,in,dots,2,934.1598865
14,2,in,dots,2,850.664085
15,2,in,dots,2,992.491589
16,2,in,dots,2,950.7737955
17,2,in,dots,2,959.1097855
18,2,in,dots,2,989.4261135
19,2,in,dots,2,1235.113723
20,2,in,dots,2,775.6448605
21,2,in,dots,2,1050.833351
22,2,in,dots,2,517.109102
23,2,in,dots,2,848.445346
24,2,in,dots,2,950.764552
25,2,in,dots,2,984.142781
26,2,in,dots,2,1051.046883
27,2,in,dots,2,708.921275
28,2,in,dots,2,984.072138
29,2,in,dots,2,867.305291
30,2,in,dots,2,950.7883675
31,2,in,dots,2,1034.070654
32,2,in,dots,2,700.7415215
1,2,mixed,dots,2,967.500042
2,2,mixed,dots,2,1251.012887
3,2,mixed,dots,2,993.364594
4,2,mixed,dots,2,1042.526914
5,2,mixed,dots,2,758.966366
6,2,mixed,dots,2,1050.910991
7,2,mixed,dots,2,1701.26118
8,2,mixed,dots,2,1150.242547
9,2,mixed,dots,2,934.100325
10,2,mixed,dots,2,1050.845771
11,2,mixed,dots,2,1175.929445
12,2,mixed,dots,2,1109.202381
13,2,mixed,dots,2,784.0933585
14,2,mixed,dots,2,950.8972885
15,2,mixed,dots,2,1100.800981
16,2,mixed,dots,2,783.9823725
17,2,mixed,dots,2,1200.920288
18,2,mixed,dots,2,1023.05454
19,2,mixed,dots,2,1253.022395
20,2,mixed,dots,2,850.749387
21,2,mixed,dots,2,1209.306437
22,2,mixed,dots,2,492.222624
23,2,mixed,dots,2,915.191234
24,2,mixed,dots,2,1134.229557
25,2,mixed,dots,2,1059.221485
26,2,mixed,dots,2,1209.240112
27,2,mixed,dots,2,833.995019
28,2,mixed,dots,2,1000.95744
29,2,mixed,dots,2,921.650334
30,2,mixed,dots,2,900.987437
31,2,mixed,dots,2,1009.051089
32,2,mixed,dots,2,1067.494586
1,3,in,dots,2,834.0211825
2,3,in,dots,2,909.010235
3,3,in,dots,2,890.139413
4,3,in,dots,2,933.960781
5,3,in,dots,2,675.5906015
6,3,in,dots,2,817.4250035
7,3,in,dots,2,1459.483677
8,3,in,dots,2,1064.308052
9,3,in,dots,2,783.974487
10,3,in,dots,2,1100.891028
11,3,in,dots,2,1067.609846
12,3,in,dots,2,1142.569472
13,3,in,dots,2,1175.930307
14,3,in,dots,2,742.4662625
15,3,in,dots,2,900.7977365
16,3,in,dots,2,758.9445155
17,3,in,dots,2,942.35222
18,3,in,dots,2,993.082582
19,3,in,dots,2,1220.127684
20,3,in,dots,2,650.565115
21,3,in,dots,2,1042.512587
22,3,in,dots,2,550.492856
23,3,in,dots,2,855.5466925
24,3,in,dots,2,917.3852775
25,3,in,dots,2,1050.859505
26,3,in,dots,2,1292.824587
27,3,in,dots,2,650.544136
28,3,in,dots,2,892.2940015
29,3,in,dots,2,847.753456
30,3,in,dots,2,917.496042
31,3,in,dots,2,900.890095
32,3,in,dots,2,667.129552
1,3,mixed,dots,2,934.0477675
2,3,mixed,dots,2,1067.48448
3,3,mixed,dots,2,1061.431184
4,3,mixed,dots,2,917.4374435
5,3,mixed,dots,2,733.958139
6,3,mixed,dots,2,825.7789295
7,3,mixed,dots,2,1442.863386
8,3,mixed,dots,2,1028.481609
9,3,mixed,dots,2,817.330377
10,3,mixed,dots,2,1009.159572
11,3,mixed,dots,2,1109.214134
12,3,mixed,dots,2,1100.88159
13,3,mixed,dots,2,867.423077
14,3,mixed,dots,2,834.246193
15,3,mixed,dots,2,975.811658
16,3,mixed,dots,2,708.9260755
17,3,mixed,dots,2,950.729265
18,3,mixed,dots,2,986.0562755
19,3,mixed,dots,2,1236.562941
20,3,mixed,dots,2,784.0832605
21,3,mixed,dots,2,1167.609754
22,3,mixed,dots,2,575.6412065
23,3,mixed,dots,2,870.5369105
24,3,mixed,dots,2,1067.503121
25,3,mixed,dots,2,1034.165674
26,3,mixed,dots,2,1392.773371
27,3,mixed,dots,2,884.0326615
28,3,mixed,dots,2,884.072336
29,3,mixed,dots,2,849.553313
30,3,mixed,dots,2,1017.455784
31,3,mixed,dots,2,884.248236
32,3,mixed,dots,2,967.384208
1,1,in,letters,2,1342.776608
2,1,in,letters,2,1918.202687
3,1,in,letters,2,1569.624692
4,1,in,letters,2,1442.74363
5,1,in,letters,2,1593.024785
6,1,in,letters,2,867.412159
7,1,in,letters,2,1618.100136
8,1,in,letters,2,1299.578787
9,1,in,letters,2,1292.6785
10,1,in,letters,2,1367.743058
11,1,in,letters,2,1392.876037
12,1,in,letters,2,1334.416464
13,1,in,letters,2,1267.77424
14,1,in,letters,2,1584.49863
15,1,in,letters,2,1367.751724
16,1,in,letters,2,1134.255633
17,1,in,letters,2,1567.846331
18,1,in,letters,2,1725.954901
19,1,in,letters,2,1647.770364
20,1,in,letters,2,1509.645636
21,1,in,letters,2,1317.748668
22,1,in,letters,2,808.9818565
23,1,in,letters,2,1420.054739
24,1,in,letters,2,1451.063341
25,1,in,letters,2,1567.956082
26,1,in,letters,2,1651.235194
27,1,in,letters,2,1334.355548
28,1,in,letters,2,1150.668619
29,1,in,letters,2,1285.877918
30,1,in,letters,2,1793.015071
31,1,in,letters,2,1384.405988
32,1,in,letters,2,1467.891898
1,1,mixed,letters,2,1309.397499
2,1,mixed,letters,2,2134.941978
3,1,mixed,letters,2,1846.303803
4,1,mixed,letters,2,1843.079364
5,1,mixed,letters,2,1759.754132
6,1,mixed,letters,2,1267.605368
7,1,mixed,letters,2,2209.95006
8,1,mixed,letters,2,1776.555265
9,1,mixed,letters,2,1234.309
10,1,mixed,letters,2,1984.96833
11,1,mixed,letters,2,1667.896348
12,1,mixed,letters,2,1801.38623
13,1,mixed,letters,2,1217.636136
14,1,mixed,letters,2,1701.29076
15,1,mixed,letters,2,1776.373543
16,1,mixed,letters,2,1159.294649
17,1,mixed,letters,2,1684.610485
18,1,mixed,letters,2,1996.086598
19,1,mixed,letters,2,1902.657297
20,1,mixed,letters,2,1651.32839
21,1,mixed,letters,2,1743.038745
22,1,mixed,letters,2,717.289466
23,1,mixed,letters,2,1513.652968
24,1,mixed,letters,2,1576.333203
25,1,mixed,letters,2,1918.133055
26,1,mixed,letters,2,1876.40211
27,1,mixed,letters,2,1634.579744
28,1,mixed,letters,2,1567.921932
29,1,mixed,letters,2,1436.66579
30,1,mixed,letters,2,1818.16996
31,1,mixed,letters,2,1517.870102
32,1,mixed,letters,2,1834.83069
1,2,in,letters,2,1417.828247
2,2,in,letters,2,2134.993458
3,2,in,letters,2,1577.71811
4,2,in,letters,2,1935.012081
5,2,in,letters,2,1517.827785
6,2,in,letters,2,1034.205954
7,2,in,letters,2,1893.098854
8,2,in,letters,2,1477.456689
9,2,in,letters,2,1251.062
10,2,in,letters,2,1584.546355
11,2,in,letters,2,1417.798519
12,2,in,letters,2,1717.991595
13,2,in,letters,2,1551.249993
14,2,in,letters,2,1743.041821
15,2,in,letters,2,1617.915768
16,2,in,letters,2,1167.582334
17,2,in,letters,2,1434.42509
18,2,in,letters,2,1954.486181
19,2,in,letters,2,2005.243629
20,2,in,letters,2,1517.856262
21,2,in,letters,2,1617.961938
22,2,in,letters,2,984.186355
23,2,in,letters,2,1581.819038
24,2,in,letters,2,1451.283998
25,2,in,letters,2,1734.802023
26,2,in,letters,2,1717.979287
27,2,in,letters,2,1626.267561
28,2,in,letters,2,1567.918622
29,2,in,letters,2,1478.715401
30,2,in,letters,2,1784.715743
31,2,in,letters,2,1434.586317
32,2,in,letters,2,1684.658668
1,2,mixed,letters,2,1467.893517
2,2,mixed,letters,2,1951.457934
3,2,mixed,letters,2,1874.291122
4,2,mixed,letters,2,1709.690566
5,2,mixed,letters,2,1517.895984
6,2,mixed,letters,2,1276.055965
7,2,mixed,letters,2,2301.785251
8,2,mixed,letters,2,1559.731416
9,2,mixed,letters,2,1117.5735
10,2,mixed,letters,2,1918.150831
11,2,mixed,letters,2,1584.7467
12,2,mixed,letters,2,1517.8887
13,2,mixed,letters,2,1384.423531
14,2,mixed,letters,2,1542.908468
15,2,mixed,letters,2,1901.445964
16,2,mixed,letters,2,959.1187545
17,2,mixed,letters,2,1384.369074
18,2,mixed,letters,2,1804.337344
19,2,mixed,letters,2,1494.695658
20,2,mixed,letters,2,1484.556554
21,2,mixed,letters,2,1384.450846
22,2,mixed,letters,2,1367.615598
23,2,mixed,letters,2,1502.323194
24,2,mixed,letters,2,1484.542598
25,2,mixed,letters,2,1659.654788
26,2,mixed,letters,2,1768.026514
27,2,mixed,letters,2,1567.858474
28,2,mixed,letters,2,1567.629933
29,2,mixed,letters,2,1419.291513
30,2,mixed,letters,2,1993.219438
31,2,mixed,letters,2,1451.293396
32,2,mixed,letters,2,1609.664445
1,3,in,letters,2,1367.728546
2,3,in,letters,2,1954.932272
3,3,in,letters,2,1554.153222
4,3,in,letters,2,1584.835987
5,3,in,letters,2,1651.20345
6,3,in,letters,2,1109.273426
7,3,in,letters,2,1951.516511
8,3,in,letters,2,1423.751341
9,3,in,letters,2,1267.681
10,3,in,letters,2,1884.783629
11,3,in,letters,2,1467.901711
12,3,in,letters,2,1609.589395
13,3,in,letters,2,1451.118129
14,3,in,letters,2,1417.798967
15,3,in,letters,2,1601.267122
16,3,in,letters,2,1050.85868
17,3,in,letters,2,1334.337557
18,3,in,letters,2,1906.763345
19,3,in,letters,2,1837.676076
20,3,in,letters,2,1701.341516
21,3,in,letters,2,1326.149218
22,3,in,letters,2,1276.142373
23,3,in,letters,2,1564.391018
24,3,in,letters,2,1534.593467
25,3,in,letters,2,1776.38497
26,3,in,letters,2,1568.000657
27,3,in,letters,2,1467.766472
28,3,in,letters,2,1250.951812
29,3,in,letters,2,1393.797862
30,3,in,letters,2,1959.765884
31,3,in,letters,2,1509.421217
32,3,in,letters,2,1534.484163
1,3,mixed,letters,2,1417.931043
2,3,mixed,letters,2,2034.990015
3,3,mixed,letters,2,1551.383264
4,3,mixed,letters,2,1701.513898
5,3,mixed,letters,2,1768.086842
6,3,mixed,letters,2,1125.848188
7,3,mixed,letters,2,2168.434591
8,3,mixed,letters,2,1557.316941
9,3,mixed,letters,2,1050.9165
10,3,mixed,letters,2,1601.262152
11,3,mixed,letters,2,1292.701931
12,3,mixed,letters,2,1467.869929
13,3,mixed,letters,2,1067.563152
14,3,mixed,letters,2,1567.774171
15,3,mixed,letters,2,1384.434139
16,3,mixed,letters,2,767.3172845
17,3,mixed,letters,2,1401.076152
18,3,mixed,letters,2,1835.261145
19,3,mixed,letters,2,1708.842125
20,3,mixed,letters,2,1426.172234
21,3,mixed,letters,2,1434.348614
22,3,mixed,letters,2,884.296467
23,3,mixed,letters,2,1300.219671
24,3,mixed,letters,2,1451.162661
25,3,mixed,letters,2,1684.738076
26,3,mixed,letters,2,1526.182928
27,3,mixed,letters,2,1367.702279
28,3,mixed,letters,2,1467.80063
29,3,mixed,letters,2,1212.795617
30,3,mixed,letters,2,1726.314216
31,3,mixed,letters,2,1351.045132
32,3,mixed,letters,2,1784.731304